{"cameraMode":{"drawMode":0,"name":"Shaded","section":"Shading Mode"},"sceneLighting":true,"audioPlay":false,"sceneViewState":{"m_AlwaysRefresh":false,"showFog":true,"showSkybox":false,"showFlares":true,"showImageEffects":true,"showParticleSystems":true,"showVisualEffectGraphs":true,"m_FxEnabled":true},"in2DMode":false,"pivot":{"x":43.85627365112305,"y":2.8292064666748049,"z":-10.337085723876954},"rotation":{"x":-0.09636208415031433,"y":0.23420794308185578,"z":-0.023337962105870248,"w":-0.9671279788017273},"size":14.871360778808594,"orthographic":false}